,Ventana,tiempo tot [sec],t clasificacion,Matrix GHOS,t ghos,g_h_o_s,Correct clas,Incorrect class,t mandar a stm,time stm,Frame stm,Clusters stm,analysis stm,update stm
1,1,270.56653562397696,270.534276119899,0.0,0.0,260.5820358544588,6.99790029739961,0.0,0.0,4.64350450783968e-05,0.0,0.0,0.0,0.0
2,2,268.6511336740805,203.55112003581598,0.0,0.0,255.90786205464974,5.37259821803309,0.8171013577375561,61.43865449575242,3.628833522903733,0.0010988040594384074,0.04510886291973293,3.582028466043994,0.0005495169898495078
3,3,266.1226452010451,205.62350145331584,0.0,0.0,253.4143272753572,5.564655792550184,0.7583351791836321,56.98128549393732,3.4857874349690974,0.0015412430511787534,0.04616931907366961,3.43734636309091,0.0006837440887466073
4,4,265.7743614730425,204.87239178235177,0.0,0.0,253.07073970406782,5.6501473292009905,0.7632519243052229,57.4794412846677,3.390170740080066,0.0018738140352070332,0.05243534501641989,3.3352264020359144,0.0005868360167369246
5,5,264.73844649398234,201.84111427422613,0.0,0.0,251.75876919354778,5.785408325260505,0.7902562787057832,59.35824435064569,3.5065257559763268,0.0022378129651769996,0.045520309009589255,3.4577272090828046,0.000992175075225532
6,6,267.0966169310268,205.13971677899826,0.0,0.0,253.89520305767655,5.996101423748769,0.7767844222253188,58.42861307284329,3.495074791018851,0.002604507957585156,0.05821417097467929,3.4330824590288103,0.0011180200381204486
7,7,267.4791060840944,205.21951340301894,0.0,0.0,254.11787597090006,6.161356928991154,0.7820049611618742,58.74391957325861,3.482259394018911,0.002991632092744112,0.045742052025161684,3.4328346949769184,0.0006343109998852015
8,8,267.9950888719177,206.5406456736382,0.0,0.0,254.35799422312994,6.411703550256789,0.7693432470550761,57.90959075873252,3.511313221999444,0.0033687129616737366,0.04950922494754195,3.45763664401602,0.0007425030926242471
9,9,267.8932496299967,206.83264261402655,0.0,0.0,254.24603180692066,6.542105414438993,0.7652437657816336,57.63443242525682,3.3925393170211464,0.003679645014926791,0.0470607370370999,3.3409851039759815,0.0007552050519734621
10,10,267.9287109510042,205.26088339020498,0.0,0.0,254.01363243733067,6.6717715377453715,0.7874758683610708,59.12827398953959,3.505631292006001,0.004029769101180136,0.05390839895699173,3.4467813560040668,0.0008497809758409858
11,11,266.4866843880154,202.75976245338097,0.0,0.0,252.37394281115849,6.812345462036319,0.8016468257410452,60.13293566275388,3.560331389075145,0.004571749013848603,0.05233064806088805,3.502495086984709,0.0008747589308768511
12,12,268.36848432093393,207.94737219647504,0.0,0.0,253.4637218688149,7.2009388183942065,0.7503426752518862,56.390833962126635,3.996335993986577,0.004574173013679683,0.049280824954621494,3.9417035770602524,0.0007118349894881248
13,13,288.621656803065,281.38181235443335,0.0,0.0,276.9872495379532,8.606558768078685,0.08618504891637713,7.206598262069747,4.932598676532507e-05,0.0,0.0,0.0,0.0
14,14,288.6485234799329,282.19587531581055,0.0,0.0,276.721188234631,8.861432482139207,0.07724523916840553,6.368777523515746,0.050746030057780445,0.0048955719685181975,0.03333967796061188,0.011835572076961398,0.0006184660596773028
15,15,290.8750382879516,284.2910614485154,0.0,0.0,278.7616748366272,9.070327838649973,0.07798228715546429,6.550673207268119,5.232403054833412e-05,0.0,0.0,0.0,0.0
16,16,291.9471890439745,285.1409068243811,0.0,0.0,279.5169959682971,9.32323023013305,0.08110998070333153,6.7208565479377285,0.05183523998130113,0.0051279120380058885,0.033764449995942414,0.012357534957118332,0.0005325570236891508
17,17,292.2616076860577,286.9421675816411,0.0,0.0,279.5524167965632,9.673199394601397,0.06294298695866019,5.285622225841507,5.722197238355875e-05,0.0,0.0,0.0,0.0
18,18,292.1203656899743,284.319118091953,0.0,0.0,279.2831200828077,9.718718195450492,0.09266724600456655,7.715655600419268,0.05189399898517877,0.0049981699557974935,0.034044829895719886,0.012135395081713796,0.0006616880418732762
19,19,293.092413277016,287.91220820404124,0.0,0.0,279.9218636493897,10.123988160281442,0.06127247924450785,5.1463165420573205,5.514104850590229e-05,0.0,0.0,0.0,0.0
20,20,317.16507998795714,286.26108435576316,0.0,0.0,279.34018336085137,10.185969076817855,0.07637713884469122,6.286911202012561,24.583254467928782,0.005238628946244717,0.033743369043804705,24.54360065597575,0.0006158789619803429
21,21,292.5186281260103,287.0182113623014,0.0,0.0,279.13293118868023,10.338615529122762,0.06422943412326276,5.466226065997034,5.577993579208851e-05,0.0,0.0,0.0,0.0
22,22,292.66237697401084,286.73069439979736,0.0,0.0,279.0594001818681,10.498289614799432,0.07033137721009552,5.847152438713238,0.05050986399874091,0.005245039938017726,0.03263506793882698,0.012022290960885584,0.000554571975953877
23,23,293.45318286598194,286.9925321737537,0.0,0.0,279.62532549526077,10.760203747195192,0.07660547224804759,6.42631200060714,7.206492591649294e-05,0.0,0.0,0.0,0.0
24,24,293.6611749489093,287.86450729100034,0.0,0.0,279.5363893562462,11.013583170482889,0.06859355082269758,5.71307799522765,0.04933723097201437,0.005367261008359492,0.03120620595291257,0.012174491072073579,0.0005332069704309106
25,25,295.82783087703865,290.64185244916007,0.0,0.0,281.3869134854758,11.364847313379869,0.0612069780472666,5.151465577771887,5.7202065363526344e-05,0.0,0.0,0.0,0.0
26,26,294.1521116310032,287.9272874268936,0.0,0.0,279.6681220129831,11.36370241700206,0.07367578847333789,6.139870679122396,0.05078485398553312,0.005315984948538244,0.03227298008278012,0.012606197036802769,0.000536981038749218
27,27,294.2868239830714,288.6806820501806,0.0,0.0,279.610285757808,11.6126396212494,0.066727998200804,5.571945284260437,5.143904127180576e-05,0.0,0.0,0.0,0.0
28,28,294.3131616859464,288.2241718315054,0.0,0.0,279.3720661327243,11.81936947000213,0.07316055195406079,6.003068996942602,0.051683721016161144,0.005379498936235905,0.033537217997945845,0.01218356506433338,0.0005315870512276888
29,29,294.5793988510268,288.68697789579164,0.0,0.0,279.536624628352,11.972945248242468,0.06987980334088206,5.858029583701864,7.087807171046734e-05,0.0,0.0,0.0,0.0
30,30,295.21587950899266,290.1127651515417,0.0,0.0,279.83507173042744,12.262760244193487,0.060657223453745246,5.015650668181479,0.05316193599719554,0.005537910968996584,0.03459886508062482,0.012286138022318482,0.0006801809649914503
31,31,294.8906321139075,289.56855536426883,0.0,0.0,279.2793357928749,12.543882072437555,0.06315270171035081,5.28771997068543,5.7835946790874004e-05,0.0,0.0,0.0,0.0
32,32,294.87400386703666,288.649806519039,0.0,0.0,279.2984013328096,12.448010111576878,0.07436279370449483,6.1398514019092545,0.05001385393552482,0.005734498030506074,0.03142993594519794,0.012245777063071728,0.0005329529521986842
33,33,295.299351189984,290.5496606165543,0.0,0.0,279.4531084513292,12.784991303342395,0.056134179001674056,4.715268334257416,5.4671079851686954e-05,0.0,0.0,0.0,0.0
34,34,295.8580323359929,290.91575844574254,0.0,0.0,279.77978554251604,12.963558169663884,0.05831300828140229,4.855731641640887,0.052113857003860176,0.005593347013927996,0.033354479004628956,0.012545872014015913,0.0005683980416506529
35,35,296.8678851479199,292.6766006181715,0.0,0.0,280.5291560058249,13.276343179633841,0.049649155349470675,4.156785631552339,7.082009688019753e-05,0.0,0.0,0.0,0.0
36,36,295.2525278569665,292.08502118708566,0.0,0.0,278.80567297595553,13.410835584625602,0.037904970929957926,3.133113682968542,5.208607763051987e-05,0.0,0.0,0.0,0.0
37,37,294.4849724280648,290.56558180542197,0.0,0.0,277.80739504809026,13.588338572066277,0.04607880173716694,3.8327913446119055,0.0524298989912495,0.005757382023148239,0.034000313957221806,0.011965404031798244,0.0006348029710352421
38,38,294.5116674359888,290.50774903409183,0.0,0.0,277.5705471356632,13.902852345257998,0.04725799604784697,3.96976551937405,5.568494088947773e-05,0.0,0.0,0.0,0.0
39,39,294.33551205298863,290.045780654531,0.0,0.0,277.5232971663354,13.77465128863696,0.05097078497055918,4.2556878458708525,5.4612988606095314e-05,0.0,0.0,0.0,0.0
40,40,379.9812749340199,289.18657324952073,0.0,0.0,277.6089993871283,14.09171619976405,0.0668640403309837,5.535748565103859,85.22490897704847,0.005752005963586271,0.03329554700758308,85.18492698005866,0.0008801579242572188
41,41,295.25874101999216,291.3893156106351,0.0,0.0,277.69499013596214,14.527497380739078,0.04567162902094424,3.8352402828168124,5.519692786037922e-05,0.0,0.0,0.0,0.0
42,42,295.26967178296763,292.39260773325805,0.0,0.0,277.53032388724387,14.716643504332751,0.034210541169159114,2.842864550766535,5.532102659344673e-05,0.0,0.0,0.0,0.0
43,43,389.9523718559649,290.89591097063385,0.0,0.0,277.64669853495434,14.646379736135714,0.052880915929563344,4.405841103056446,94.61640332697425,0.00747076200786978,0.036209222045727074,94.57215497200377,0.0005097219254821539
44,44,295.69329069403466,291.11692518088967,0.0,0.0,277.9729559660191,14.672624449711293,0.054040096467360854,4.542134059942327,5.6115095503628254e-05,0.0,0.0,0.0,0.0
45,45,296.6133507390041,293.1675179580925,0.0,0.0,278.2311288404744,15.344258947647177,0.040599922416731715,3.411571844131686,7.045792881399393e-05,0.0,0.0,0.0,0.0
46,46,296.2325164430076,289.75622687197756,0.0,0.0,278.0821781468112,15.028180977795273,0.0777465698774904,6.3924099676078185,0.049691729014739394,0.0055853319354355335,0.031213942915201187,0.012124474043957889,0.0005517120007425547
47,47,299.2083642890211,294.58863283949904,0.0,0.0,280.445027623442,15.686089250375517,0.05454748624470085,4.585019704187289,5.1576062105596066e-05,0.0,0.0,0.0,0.0
48,48,298.7110882140696,293.1941855264595,0.0,0.0,279.5929808031069,15.986496033030562,0.06540882168337703,5.431155338068493,0.05116123706102371,0.006035473081283271,0.032647919026203454,0.011892600916326046,0.0005289450054988265
49,49,298.8983614440076,294.71822303847875,0.0,0.0,279.9047301352257,15.922336186165921,0.049473563907667994,4.145550836925395,7.306691259145737e-05,0.0,0.0,0.0,0.0
50,50,299.5228383439826,296.3385958621511,0.0,0.0,280.02678741537966,16.439015133539215,0.03789307898841798,3.149682477582246,5.5095995776355267e-05,0.0,0.0,0.0,0.0
51,51,420.7751171499258,295.0956630210858,0.0,0.0,280.75543981033843,16.296655939309858,0.06026622198987752,5.0069786488311365,120.63772411493119,0.006114940973930061,0.03384007606655359,120.59716666291934,0.0005438490770757198
52,52,298.85848028294276,293.4015767738456,0.0,0.0,279.20719287509564,16.571545446524397,0.06501836411189288,5.422275894088671,5.070003680884838e-05,0.0,0.0,0.0,0.0
53,53,299.4676420131,294.3728357164655,0.0,0.0,279.4775237739086,16.866089447401464,0.060064304852858186,5.0090352416737005,0.05135259893722832,0.006375820026732981,0.03188972396310419,0.012340583954937756,0.0006929889786988497
54,54,301.0698303729296,296.8702410586411,0.0,0.0,280.81471378868446,17.183229808928445,0.04983353184070438,4.164842292899266,5.47909876331687e-05,0.0,0.0,0.0,0.0
55,55,301.3688407219015,296.8768445851747,0.0,0.0,280.9832773846574,17.304102541063912,0.053419404779560864,4.457268247846514,5.35289291292429e-05,0.0,0.0,0.0,0.0
56,56,438.03201822703704,296.25382225133944,0.0,0.0,280.4947973084636,17.58951590419747,0.05863391701132059,4.875257677049376,136.8682049610652,0.0065590039594098926,0.034904033062048256,136.82565496093594,0.0010278449626639485
57,57,301.1747208320303,295.5598292311188,0.0,0.0,280.25466259149835,17.83046693529468,0.06618930492550135,5.580119815422222,5.6388904340565205e-05,0.0,0.0,0.0,0.0
58,58,301.26595213392284,295.44359775201883,0.0,0.0,280.2488608916756,17.880313405185007,0.06887952191755176,5.736655377782881,0.051198446075432,0.006330323056317866,0.03201468102633953,0.012211119988933206,0.0005848129512742162
59,59,301.1411153890658,295.51813804684207,0.0,0.0,279.9467696226202,18.10964253975544,0.06678628385998309,5.588257075520232,0.00016123999375849962,0.0,0.0,0.0,0.0
60,60,299.5811505339807,295.0905408950057,0.0,0.0,278.0417084863875,18.431962939561345,0.053305543144233525,4.405381031683646,0.05089384701568633,0.006317281047813594,0.032181489979848266,0.011822946020402014,0.0005156249972060323
61,61,299.1938718530582,296.0402896119049,0.0,0.0,277.64089600520674,18.517148693441413,0.03746705281082541,3.119281014893204,5.434209015220404e-05,0.0,0.0,0.0,0.0
62,62,299.6110327700153,295.03405441506766,0.0,0.0,277.4579508631723,19.10067837499082,0.054424840956926346,4.542626826907508,5.3817988373339176e-05,0.0,0.0,0.0,0.0
63,63,299.889473365969,294.4006004058756,0.0,0.0,277.4373876469908,19.337108290405013,0.06531271594576538,5.403275495278649,0.051402308978140354,0.0065995779586955905,0.03180137393064797,0.012236548936925828,0.000710572930984199
64,64,300.12031313497573,296.5383318644017,0.0,0.0,277.70512332522776,19.372063317219727,0.042377789970487356,3.547700577881187,5.4138945415616035e-05,0.0,0.0,0.0,0.0
65,65,302.505356854992,296.6807037459221,0.0,0.0,279.93060595868155,19.431137842824683,0.06883851264137775,5.738324993522838,0.05173047794960439,0.006560596986673772,0.0323829100234434,0.012109267991036177,0.0006228599231690168
66,66,303.242168311961,298.75234974338673,0.0,0.0,280.35523489909247,19.802885128883645,0.05343584902584553,4.454940329887904,0.0002130789216607809,0.0,0.0,0.0,0.0
67,67,300.9071482140571,296.7119354364695,0.0,0.0,277.6594039282063,20.14402969845105,0.04931428830605,4.1100794821977615,0.05102855490986258,0.006650109076872468,0.031218214076943696,0.01252242096234113,0.0005836490308865905
68,68,303.95850218005944,299.910537653137,0.0,0.0,280.6435413850704,20.2353730967734,0.047661862103268504,4.013266741414554,5.484302528202534e-05,0.0,0.0,0.0,0.0
69,69,303.41456100088544,298.3669162654551,0.0,0.0,280.19719605660066,20.135904038208537,0.060015234746970236,5.012988654780202,5.0776987336575985e-05,0.0,0.0,0.0,0.0
70,70,303.6355348760262,299.96653963124845,0.0,0.0,279.96049237193074,20.55700557155069,0.04282063338905573,3.5833753363694996,0.05113871407229453,0.006733521004207432,0.03179107198957354,0.011862993007525802,0.0007017020834609866
71,71,304.66465945600066,300.7676836360479,0.0,0.0,280.1515217513079,21.444933812483214,0.045858047786168754,3.86238540452905,5.5355019867420197e-05,0.0,0.0,0.0,0.0
72,72,303.8080764228944,300.18034862552304,0.0,0.0,279.73163384292275,21.014614005805925,0.042896182741969824,3.5932915969751775,5.157408304512501e-05,0.0,0.0,0.0,0.0
73,73,302.75041116098873,298.11778788396623,0.0,0.0,277.84566677419934,21.797236608690582,0.05507390690036118,4.547633908805437,0.050718783983029425,0.0068788230419158936,0.03107169398572296,0.01212977699469775,0.0005801249062642455
74,74,302.0707511130022,297.9164810187649,0.0,0.0,277.7205274243606,21.300011673243716,0.049258287996053696,4.120204342179932,5.203799810260534e-05,0.0,0.0,0.0,0.0
75,75,303.3304188550683,297.52872931351885,0.0,0.0,278.59945811738726,21.600568955531344,0.06853127817157656,5.715575544163585,0.051580541068688035,0.006498850998468697,0.03204236307647079,0.012281625997275114,0.0005403449758887291
76,76,304.1769187740283,299.29424727289006,0.0,0.0,279.4691672003828,21.632427779375575,0.05777291615959257,4.848127100849524,5.546305328607559e-05,0.0,0.0,0.0,0.0
77,77,304.6300351690734,299.695274411235,0.0,0.0,279.4724262821255,22.028202934656292,0.05822984944097698,4.848889491171576,0.05127259809523821,0.006827024044468999,0.031596549903042614,0.012098003993742168,0.0006977870361879468
78,78,305.4020128620323,301.3654284890508,0.0,0.0,279.79168003308587,22.539512836025096,0.047680726391263306,4.002007884089835,5.5363052524626255e-05,0.0,0.0,0.0,0.0
79,79,305.0745126820402,299.5677649686113,0.0,0.0,279.43629138031974,22.505196880316362,0.06510063831228763,5.421416369499639,0.05095344502478838,0.007056439993903041,0.031139200902543962,0.012170629925094545,0.0005313759902492166
80,80,303.3424746020464,298.9067627718905,0.0,0.0,277.6265699053183,22.659429703373462,0.052627146360464394,4.401369327213615,5.488097667694092e-05,0.0,0.0,0.0,0.0
81,81,304.29367738298606,298.68007510364987,0.0,0.0,277.4297816203907,23.747012456180528,0.06684151291847229,5.528271468123421,0.05105939996428788,0.007076137000694871,0.0310955960303545,0.012247998034581542,0.0005832229508087039
82,82,306.07233136403374,301.45582660031505,0.0,0.0,279.9688394534169,23.024419510853477,0.054884927929379046,4.581872791983187,7.080496288836002e-05,0.0,0.0,0.0,0.0
83,83,306.2190150489332,301.11944316339213,0.0,0.0,280.1610538188834,22.918650954961777,0.060678020934574306,5.012525059864856,0.05246416199952364,0.007293598027899861,0.032266939990222454,0.012313474086113274,0.0005334940506145358
84,84,307.5445788030047,303.62926535028964,0.0,0.0,280.64713523129467,23.814748955192044,0.04608404403552413,3.8806205830769613,5.083403084427118e-05,0.0,0.0,0.0,0.0
85,85,306.0568629039917,298.39028482337017,0.0,0.0,279.86602224886883,23.02776735520456,0.09131330577656627,7.581480592023581,0.05066050891764462,0.007266610977239907,0.030829960014671087,0.011963495053350925,0.000547654926776886
86,86,307.3049370399676,302.68820459768176,0.0,0.0,279.9881619417574,24.237080592662096,0.054767374182119966,4.582173913251609,7.031392306089401e-05,0.0,0.0,0.0,0.0
87,87,304.8029176959535,300.16154493240174,0.0,0.0,277.6841943708714,24.005462691304274,0.054717247490771115,4.5544909534510225,0.05260824901051819,0.007284441962838173,0.03224221698474139,0.012351312092505395,0.0006786269368603826
88,88,308.9338528519729,303.59991345508024,0.0,0.0,280.0257354185451,25.81491116329562,0.06318224780261517,5.299325058585964,5.348201375454664e-05,0.0,0.0,0.0,0.0
89,89,307.45519438409247,302.6431169952266,0.0,0.0,280.1759342167061,24.143837234470993,0.05653762293513864,4.724918988300487,0.052333467989228666,0.007224248955026269,0.032229139003902674,0.012244893005117774,0.0005827760323882103
90,90,307.90533947304357,302.5687254855875,0.0,0.0,280.27285708941054,24.542867008713074,0.06396165222395211,5.301834918558598,5.6987046264111996e-05,0.0,0.0,0.0,0.0
91,91,309.4263822680805,304.32207456883043,0.0,0.0,280.0966044898378,26.190525703364983,0.06028877932112664,5.017526999115944,0.0520601769676432,0.007524879998527467,0.031264256103895605,0.012487228959798813,0.0005967089673504233
92,92,308.3356895359466,304.28196677658707,0.0,0.0,280.2559115680633,25.007699747686274,0.04778019723016769,4.019121398217976,5.366397090256214e-05,0.0,0.0,0.0,0.0
93,93,310.13578841101844,304.4701534056803,0.0,0.0,280.2473522614455,26.743911996483803,0.06706834177020937,5.5779056856408715,0.05298149096779525,0.0074741869466379285,0.03255497198551893,0.012307811994105577,0.0005884020356461406
94,94,308.6297861550702,304.1629005713621,0.0,0.0,279.80828662146814,25.74535567581188,0.05273542762733996,4.432310232077725,5.034299101680517e-05,0.0,0.0,0.0,0.0
95,95,308.7368196940515,304.8343854978448,0.0,0.0,280.2164305410115,25.4409108213149,0.046273483079858124,3.8676992412656546,6.427301559597254e-05,0.0,0.0,0.0,0.0
96,96,571.5874761780724,307.1999205350876,0.0,0.0,280.1423675388796,27.886571296607144,0.04652556998189539,3.86961857881397,260.48340117395855,0.007563962019048631,0.03261017601471394,260.44236604101025,0.0007939670467749238
97,97,308.9812539720442,305.22134115407243,0.0,0.0,279.9919743746286,25.909417866845615,0.044074848759919405,3.7251074850792065,6.662006489932537e-05,0.0,0.0,0.0,0.0
98,98,310.3979748149868,305.91778530250303,0.0,0.0,280.56721747200936,26.7442201533122,0.05387346295174211,4.445313508040272,5.2221002988517284e-05,0.0,0.0,0.0,0.0
99,99,581.4956108881161,307.11932231194805,0.0,0.0,280.2058076170506,28.0256452774629,0.05005989596247673,4.154761378769763,270.18683156906627,0.0076192839769646525,0.03219767601694912,270.14643805404194,0.0005224560154601932
100,100,309.11260744999163,304.3479913120391,0.0,0.0,279.6915419814177,26.33444715454243,0.05637758120428771,4.7300074538215995,5.3251045756042004e-05,0.0,0.0,0.0,0.0
101,101,310.10950501903426,304.0711827791529,0.0,0.0,279.5787326291902,27.431021004915237,0.07177376525942236,6.003723520436324,4.959094803780317e-05,0.0,0.0,0.0,0.0
102,102,586.5877370260423,304.1235116031021,0.0,0.0,278.62601874559186,27.582027331343852,0.06194601615425199,5.134575821808539,277.29505899292417,0.007805753964930773,0.03369754506275058,277.2529750029789,0.0005294450093060732
103,103,309.7217096280074,304.86420072987676,0.0,0.0,277.7993237460032,28.861320228665136,0.05737655411940068,4.823148327763192,6.613798905164003e-05,0.0,0.0,0.0,0.0
104,104,308.4499391649151,304.00694046122953,0.0,0.0,277.92456761735957,27.46433740865905,0.05280137015506625,4.408503198879771,5.44949434697628e-05,0.0,0.0,0.0,0.0
105,105,309.0190930799581,303.9377754809102,0.0,0.0,279.139206372085,26.740653164102696,0.05995043087750673,4.9918313877424225,0.05491683795116842,0.007763421977870166,0.03386521898210049,0.012566564022563398,0.0006631240248680115
106,106,310.66177538305055,305.045830101124,0.0,0.0,279.75032384623773,27.815954493824393,0.06719401676673442,5.581410428858362,5.2165938541293144e-05,0.0,0.0,0.0,0.0
107,107,310.82664140791167,306.4354787286138,0.0,0.0,280.06435221934225,27.63022946473211,0.05143480747938156,4.3038574773818254,0.05270071001723409,0.008000058005563915,0.03184336598496884,0.012218249030411243,0.0005837889621034265
108,108,313.96013901697006,309.34460725530516,0.0,0.0,280.0530255801277,30.82136007666122,0.0544858246576041,4.580796948866919,5.294894799590111e-05,0.0,0.0,0.0,0.0
109,109,312.1357697630301,308.2590919052018,0.0,0.0,278.77917680342216,30.292928560986184,0.0458123137941584,3.8423719097627327,5.273893475532532e-05,0.0,0.0,0.0,0.0
110,110,310.1316126260208,305.34224049490876,0.0,0.0,277.655592824216,29.359312592307106,0.05590721231419593,4.703294112114236,0.051847568014636636,0.007895166985690594,0.031495024100877345,0.011873328010551631,0.0005200700834393501
111,111,309.23335171293,304.5155807781266,0.0,0.0,277.68958222144283,28.477470895508304,0.055896559031680226,4.683366147568449,4.74520493298769e-05,0.0,0.0,0.0,0.0
112,112,309.20810299308505,305.04890880093444,0.0,0.0,277.6363024893217,28.515227884054184,0.049467486096546054,4.1248459530761465,5.3987023420631886e-05,0.0,0.0,0.0,0.0
113,113,309.87650938902516,302.3972022633534,0.0,0.0,277.6684824266704,29.059015184058808,0.08904669538605958,7.3906048408243805,0.054476795019581914,0.007835383992642164,0.03406260802876204,0.011760456021875143,0.000618280959315598
114,114,310.0028524439549,305.5684784062905,0.0,0.0,277.5353452913696,29.402991554001346,0.05262992903590202,4.399948698235676,5.345698446035385e-05,0.0,0.0,0.0,0.0
115,115,311.1575171590084,306.50645869772416,0.0,0.0,279.0026655236725,29.025141079560854,0.05445892794523388,4.562484954833053,0.0539069389924407,0.007980486960150301,0.03329717391170561,0.012043279013596475,0.000524422968737781
116,116,313.07196648803074,308.16588264296297,0.0,0.0,280.6374977567466,29.336178964935243,0.05833957903087139,4.871194495703094,6.392807699739933e-05,0.0,0.0,0.0,0.0
117,117,311.6721892070491,307.5061959895538,0.0,0.0,278.7529706424102,29.846487324452028,0.049604107975028455,4.131554242107086,7.137097418308258e-05,0.0,0.0,0.0,0.0
118,118,311.25133916107006,307.6133253951557,0.0,0.0,277.5656431547832,30.581800065236166,0.04289115301799029,3.551118104951456,0.05273242702241987,0.008542930008843541,0.03135010099504143,0.012122287065722048,0.0006584420334547758
119,119,313.0524430500809,308.46440215653274,0.0,0.0,277.86561407428235,32.12786580808461,0.053963882266543806,4.553632511291653,4.764995537698269e-05,0.0,0.0,0.0,0.0
120,120,316.51972068997566,312.92040309368167,0.0,0.0,277.8032640487654,35.659357466502115,0.04238466906826943,3.564806596026756,4.9269990995526314e-05,0.0,0.0,0.0,0.0
121,121,312.6238439839799,307.9771106529515,0.0,0.0,278.2552282848628,31.24560717807617,0.054599133087322116,4.558985312934965,0.05332067399285734,0.008281696937046945,0.0318240380147472,0.0125390529865399,0.0006242949748411775
122,122,312.53312830696814,309.5255236097146,0.0,0.0,277.8144350500079,31.67255764408037,0.035134107107296586,2.9731848927913234,5.122506991028786e-05,0.0,0.0,0.0,0.0
123,123,315.1551028130343,311.98574545327574,0.0,0.0,278.66627590043936,33.43342571624089,0.03755380818620324,3.134854046278633,5.5419979616999626e-05,0.0,0.0,0.0,0.0
124,124,313.72932839696296,309.3630551568931,0.0,0.0,278.3231995315291,32.28565205691848,0.05125368421431631,4.278645720216446,0.05310601193923503,0.008575035026296973,0.0313080110354349,0.012384654022753239,0.0007845349609851837
125,125,317.9931240649894,313.6517588243587,0.0,0.0,280.38304083247203,34.52249771298375,0.05125204799696803,4.306540104327723,4.787207581102848e-05,0.0,0.0,0.0,0.0
126,126,314.9496369890403,310.32716892834287,0.0,0.0,280.0775436097756,31.788120997720398,0.054701240034773946,4.58759556512814,5.4039061069488525e-05,0.0,0.0,0.0,0.0
127,127,671.3954462649999,306.4941472795326,0.0,0.0,278.6358460363699,32.056924980832264,0.08698813081718981,7.271699557080865,357.5951172430068,0.00873770599719137,0.03381471196189523,357.55194226198364,0.0005636409623548388
128,128,317.88100084103644,312.8359920838848,0.0,0.0,279.8467637683498,34.93992992758285,0.059847330674529076,5.010190503089689,5.0950911827385426e-05,0.0,0.0,0.0,0.0
129,129,682.5552004240453,311.153110244195,0.0,0.0,279.69567779649515,33.691582730039954,0.06375110452063382,5.295663494733162,366.0717350160703,0.008597049047239125,0.0335349760716781,366.0285631789593,0.0009854119271039963
130,130,315.2609653029358,309.8161196705187,0.0,0.0,278.5168535091216,33.655831767828204,0.06477878498844802,5.410250901943073,5.3263967856764793e-05,0.0,0.0,0.0,0.0
131,131,685.8875839179382,311.5102484440431,0.0,0.0,280.2767042791238,33.04761491087265,0.0593983008293435,4.882318647811189,369.46008746605366,0.008864487055689096,0.035040784045122564,369.4155679210089,0.000563652953132987
132,132,314.3380131869344,309.7419534289511,0.0,0.0,278.6735560997622,32.59005190676544,0.05432662239763886,4.561372096417472,6.744998972862959e-05,0.0,0.0,0.0,0.0
133,133,315.1667130399728,309.0891946104821,0.0,0.0,278.9594203927554,33.05891957692802,0.07177629065699875,5.990471224999055,0.052529032924212515,0.008942148997448385,0.030731466016732156,0.012212028028443456,0.0005888389423489571
134,134,318.87099242501426,313.1182934663957,0.0,0.0,279.5102785273921,36.26222553802654,0.06852155597880483,5.717982972622849,5.312706343829632e-05,0.0,0.0,0.0,0.0
135,135,317.6656255479902,312.427682962385,0.0,0.0,279.6968935969053,34.814302659011446,0.06208920560311526,5.148441886762157,0.05483288108371198,0.008916081045754254,0.03337657591328025,0.01194789505098015,0.0005353819578886032
136,136,318.8364593660226,313.35622360452544,0.0,0.0,279.7742370222695,35.962526229559444,0.06481959309894592,5.445428912411444,5.4202042520046234e-05,0.0,0.0,0.0,0.0
137,137,319.5249122970272,315.41337914194446,0.0,0.0,280.8786147267092,35.50336529011838,0.04837413120549172,4.022464635083452,0.05433786101639271,0.009062695084139705,0.03233261895366013,0.012351339915767312,0.0005320970667526126
138,138,320.6205361209577,316.4461492127739,0.0,0.0,279.9523762711324,37.58028810238466,0.049060955992899835,4.139642287045717,5.2424962632358074e-05,0.0,0.0,0.0,0.0
139,139,316.33369370701257,311.57651607703883,0.0,0.0,279.6417490785243,33.602647336549126,0.05756879725959152,4.722446910338476,5.568901542574167e-05,0.0,0.0,0.0,0.0
140,140,319.8681370060658,315.2005606441526,0.0,0.0,279.74373165832367,36.9822994787246,0.05504541425034404,4.578156122472137,0.05482688604388386,0.009058099938556552,0.03295355709269643,0.012172146001830697,0.0005867809522897005
141,141,315.1863977909088,310.4695250511868,0.0,0.0,277.334723361535,34.784854662953876,0.05567489401437342,4.682380916085094,5.5285985581576824e-05,0.0,0.0,0.0,0.0
142,142,315.04848202795256,309.5730149530573,0.0,0.0,277.1423520555254,34.77683962055016,0.06485537684056908,5.386629798216745,0.054241838050074875,0.009218821069225669,0.032454160042107105,0.011964629986323416,0.0005328640108928084
143,143,317.4041458630236,312.83008218335453,0.0,0.0,277.04311853810214,37.29328906314913,0.05446240387391299,4.539683789014816,5.106208845973015e-05,0.0,0.0,0.0,0.0
144,144,318.28366347798146,314.98753220320214,0.0,0.0,276.9797146251658,38.253535271505825,0.0393669861368835,3.261602354235947,5.416502244770527e-05,0.0,0.0,0.0,0.0
145,145,316.76492286403663,311.8571014738409,0.0,0.0,277.61599384550937,36.018924577045254,0.058626768877729774,4.819083475857042,0.05420564592350274,0.008936281898058951,0.032222216948866844,0.012438231031410396,0.0005332009168341756
146,146,322.33629958098754,317.4424017390702,0.0,0.0,279.0731217294233,40.17209454393014,0.05819601577240974,4.859000748721883,6.688002031296492e-05,0.0,0.0,0.0,0.0
147,147,318.8239788589999,314.95400751929265,0.0,0.0,277.4875735845417,38.26872320356779,0.04610157245770097,3.835430187289603,7.457006722688675e-05,0.0,0.0,0.0,0.0
148,148,321.12450052506756,316.1943557704799,0.0,0.0,278.52507909957785,39.45230465068016,0.05839271983131766,4.8416841310681775,0.053883532993495464,0.00933249806985259,0.03142684104386717,0.012539466959424317,0.0005292469868436456
149,149,319.4759744539624,315.1827939064242,0.0,0.0,277.18026580952574,39.22561927780043,0.05107613967265934,4.258667257498018,5.3561991080641747e-05,0.0,0.0,0.0,0.0
150,150,320.34165168902837,315.33433561597485,0.0,0.0,278.6115977637237,38.64399296767078,0.059774500667117536,4.972778586554341,5.4972944781184196e-05,0.0,0.0,0.0,0.0
151,151,320.718153957976,316.6365505993599,0.0,0.0,277.9834367734147,39.61100023787003,0.04826682398561388,3.992944389116019,0.054383085924200714,0.009077948052436113,0.032772848033346236,0.011849176953546703,0.0006182169308885932
152,152,322.36962003295776,317.1826440546429,0.0,0.0,279.51263052236754,39.75874977721833,0.0617097201757133,5.152403713203967,5.069898907095194e-05,0.0,0.0,0.0,0.0
153,153,319.97376553795766,315.39239910733886,0.0,0.0,277.3504230894614,39.55183187976945,0.0549014990683645,4.54692427336704,5.6527089327573776e-05,0.0,0.0,0.0,0.0
154,154,764.6284954139264,318.03382177383173,0.0,0.0,277.82822055590805,41.300464094034396,0.049419231014326215,4.127623036620207,442.4326422660379,0.009287834982387722,0.03266367595642805,442.3901054279413,0.000521061010658741
155,155,320.90733686403837,316.72999730636366,0.0,0.0,279.3957185114268,38.427888786420226,0.049530637450516224,4.142774538369849,5.162600427865982e-05,0.0,0.0,0.0,0.0
156,156,322.29124377691187,317.38403734366875,0.0,0.0,279.2356316985097,39.96483165223617,0.05822410818655044,4.8724920564563945,5.0510047003626823e-05,0.0,0.0,0.0,0.0
157,157,320.0776494620368,315.741252337466,0.0,0.0,277.05200705619063,39.90629868139513,0.05121503002010286,4.248815022408962,0.05333413300104439,0.00956115999724716,0.030799699015915394,0.01238940900657326,0.0005282489582896233
158,158,325.42952397291083,321.6866878151195,0.0,0.0,279.38072054553777,42.96660289913416,0.04432912520132959,3.7080693409079686,5.308492109179497e-05,0.0,0.0,0.0,0.0
159,159,322.7902667709859,318.18587130995,0.0,0.0,279.57525692495983,40.122731623472646,0.05501054006163031,4.569571577012539,5.429098382592201e-05,0.0,0.0,0.0,0.0
160,160,328.16120887198485,324.90259968093596,0.0,0.0,281.4381735747447,43.571972123812884,0.03790661331731826,3.169370691291988,0.05426209594588727,0.009826372959651053,0.031763744074851274,0.012026650016196072,0.0005962980212643743
161,161,321.0381543819094,316.61154018354136,0.0,0.0,277.2263910577167,40.74364356766455,0.05261301400605589,4.392010557814501,5.274300929158926e-05,0.0,0.0,0.0,0.0
162,162,319.76408517197706,313.77360907685943,0.0,0.0,277.22280031174887,39.45353015884757,0.07175092888064682,5.956053611007519,5.4672942496836185e-05,0.0,0.0,0.0,0.0
163,163,795.4775289390236,319.28754671872593,0.0,0.0,279.5049030294176,42.00418323522899,0.0639281157637015,5.288962349295616,470.8662842849735,0.009997194050811231,0.03276754799298942,470.82236289593857,0.001104815979488194
164,164,326.3914783881046,320.6367818118306,0.0,0.0,279.8324607301038,43.453697660705075,0.06859941594302654,5.7200264018028975,5.355698522180319e-05,0.0,0.0,0.0,0.0
165,165,327.26111394597683,322.17551669396926,0.0,0.0,279.4150493731722,44.69837639119942,0.0598788030911237,4.9957107320660725,0.055116047034971416,0.010076993028633296,0.031697846949100494,0.012549715000204742,0.0007379569578915834
166,166,324.46307642001193,319.4255269890418,0.0,0.0,280.13193140516523,41.23248388944194,0.05939813330769539,5.002824321272783,4.970806185156107e-05,0.0,0.0,0.0,0.0
167,167,327.497330523096,323.3204674803419,0.0,0.0,279.58130033221096,44.82760409894399,0.05048388324212283,4.142158283852041,5.538191180676222e-05,0.0,0.0,0.0,0.0
168,168,327.16538354498334,323.65165564301424,0.0,0.0,278.9798233433394,45.056569781620055,0.041178731713443995,3.4235405036015436,0.05565039697103202,0.010024852002970874,0.032901481026783586,0.012142259045504034,0.0005251109832897782
169,169,324.8177336989902,320.2135654203594,0.0,0.0,278.67914002609905,43.05275991803501,0.05505150300450623,4.569444547058083,7.182499393820763e-05,0.0,0.0,0.0,0.0
170,170,323.3776855949545,319.79400481283665,0.0,0.0,277.6915509683313,42.62358926818706,0.04273967305198312,3.549092266242951,5.1606097258627415e-05,0.0,0.0,0.0,0.0
171,171,326.444663029979,320.2522916995222,0.0,0.0,277.1779072874924,46.124110278324224,0.07359196769539267,6.103464083280414,0.05467537301592529,0.010059106047265232,0.03130834794137627,0.012650287942960858,0.0005995749961584806
172,172,323.90851068811025,318.63008330448065,0.0,0.0,277.2108676668722,43.614749738248065,0.0630409421864897,5.243968541268259,5.539099220186472e-05,0.0,0.0,0.0,0.0
173,173,329.81478252704255,325.5958158283029,0.0,0.0,278.1680643494474,48.51881912420504,0.04986734327394515,4.131730672088452,0.05282679805532098,0.009820458013564348,0.03047390899155289,0.011941571021452546,0.0005203799810260534
174,174,332.3250644239597,326.97049924428575,0.0,0.0,280.49142465309706,48.72279658715706,0.06367644458077848,5.31977295584511,5.153496749699116e-05,0.0,0.0,0.0,0.0
175,175,329.6956455099862,324.73984157072846,0.0,0.0,279.7380549075315,46.80853439331986,0.05848997214343399,4.866455823997967,0.054491231916472316,0.010079722967930138,0.031042908900417387,0.012778766104020178,0.0005335729802027345
176,176,327.9333967999555,323.88530717766844,0.0,0.0,279.8525616347324,44.990811944939196,0.04803845856804401,4.013276715762913,5.617109127342701e-05,0.0,0.0,0.0,0.0
177,177,331.5002344510285,327.02688898216,0.0,0.0,279.90734670322854,48.49883046094328,0.05315330810844898,4.438451610971242,5.1626935601234436e-05,0.0,0.0,0.0,0.0
178,178,333.79738551506307,328.6902966791531,0.0,0.0,280.7819830052322,49.85317714163102,0.0601491640554741,5.017594945151359,0.05456096108537167,0.01040664897300303,0.031208561966195703,0.012355100014247,0.0005372270243242383
179,179,330.0671517259907,324.7438020561822,0.0,0.0,279.9509899750119,47.01261538825929,0.06310065323486924,5.288567392737605,5.001795943826437e-05,0.0,0.0,0.0,0.0
180,180,328.1698986470001,323.35668707382865,0.0,0.0,279.7230296949856,45.298505918472074,0.05664792098104954,4.723381267976947,0.05503813095856458,0.010478682001121342,0.031808356987312436,0.01211740099824965,0.0005821889499202371
181,181,333.83340152702294,330.3627137101721,0.0,0.0,279.53799766593147,51.21652945771348,0.0410071691730991,3.4359619369497523,5.383999086916447e-05,0.0,0.0,0.0,0.0
182,182,334.4208653779933,328.80045199615415,0.0,0.0,279.62019531207625,51.69090589112602,0.06682391988579184,5.5855360481655225,5.540996789932251e-05,0.0,0.0,0.0,0.0
183,183,864.7768432659796,326.8057138361037,0.0,0.0,279.53175803041086,48.789753022021614,0.05520377727225423,4.570582484942861,533.3659625300206,0.0105380869936198,0.033429177943617105,533.3214144300437,0.0005251510301604867
184,184,333.5531966800336,329.5101845554309,0.0,0.0,279.78216551290825,50.68471245060209,0.047571754665113986,4.008153612259775,5.2217976190149784e-05,0.0,0.0,0.0,0.0
185,185,335.24824160092976,330.0527344997972,0.0,0.0,279.8130118602421,52.33978557493538,0.06196164735592902,5.160818482399918,5.2835908718407154e-05,0.0,0.0,0.0,0.0
186,186,333.35354655596893,328.2513175557833,0.0,0.0,279.9026427459903,50.29864728997927,0.06009742699097842,5.011768296128139,0.05568136600777507,0.010703163919970393,0.03161808999720961,0.012525335070677102,0.0007802529726177454
187,187,335.6556046180194,329.9036868470721,0.0,0.0,279.6397671116283,52.90405573928729,0.06827333103865385,5.717041271389462,5.5393087677657604e-05,0.0,0.0,0.0,0.0
188,188,334.7707305200165,329.9593858924927,0.0,0.0,279.86896498687565,51.74809954792727,0.05708486842922866,4.721589241293259,0.054896457004360855,0.01067074597813189,0.03076131793204695,0.012783374986611307,0.0006286409916356206
189,189,334.5750556520652,329.39729098498356,0.0,0.0,278.75240270316135,52.733060776488855,0.06133448961190879,5.143236111965962,5.0372909754514694e-05,0.0,0.0,0.0,0.0
190,190,332.2135170910042,326.7340630462859,0.0,0.0,277.51812642242294,51.55706379679032,0.06524915178306401,5.391720308922231,0.053485939046368,0.010694701108150184,0.02986123599112034,0.01231987401843071,0.0005581859732046723
191,191,336.57685557799414,332.2561565521173,0.0,0.0,279.6263088770211,53.85672347631771,0.051801943802274764,4.285856103990227,5.220703314989805e-05,0.0,0.0,0.0,0.0
192,192,336.51502602291293,332.76616449991707,0.0,0.0,279.68996263400186,53.743466505780816,0.04441505833528936,3.7140430791769177,5.053193308413029e-05,0.0,0.0,0.0,0.0
193,193,335.0846116259927,329.2746179725509,0.0,0.0,279.50989445729647,52.41585137997754,0.06906566012185067,5.718466037651524,0.05665858800057322,0.01104651193600148,0.032882828963920474,0.012133330921642482,0.0005306788953021169
194,194,337.2940561110154,332.8294976517791,0.0,0.0,279.51330097264145,54.68880694301333,0.05279321188572794,4.42970360792242,5.541904829442501e-05,0.0,0.0,0.0,0.0
195,195,338.19062138092704,332.78163711482193,0.0,0.0,280.1049119926756,54.92117291397881,0.06467576592694968,5.317981099127792,0.05618266889359802,0.011061753961257637,0.032347040018066764,0.012023218907415867,0.0006964269559830427
196,196,334.6821006620303,329.216804530588,0.0,0.0,279.51401514327154,52.06571137008723,0.06498263275716454,5.430535060702823,5.457596853375435e-05,0.0,0.0,0.0,0.0
197,197,337.16913794202264,331.5039093088126,0.0,0.0,279.9534906621557,54.050841270945966,0.06718661799095571,5.574370600050315,0.05623458500485867,0.011413591098971665,0.03170944401063025,0.012465990032069385,0.0005911599146202207
198,198,336.275256340974,331.93980208726134,0.0,0.0,279.9348915286828,53.24849245522637,0.05177476746030152,4.300587245612405,5.202402826398611e-05,0.0,0.0,0.0,0.0
199,199,338.2343495050445,334.9102019845741,0.0,0.0,279.66875551687554,55.487291341181844,0.03964185307268053,3.289268734981306,5.184300243854523e-05,0.0,0.0,0.0,0.0
200,200,919.7903840219369,333.4478493479546,0.0,0.0,279.8547960743308,55.96113966440316,0.06649041781201959,5.442053250968456,580.8656094330363,0.011228095041587949,0.03371422900818288,580.8200890850276,0.0005225989734753966
201,201,334.4254290040117,327.81878316926304,0.0,0.0,279.6051142399665,51.70230289641768,0.07882200262974948,6.571921270806342,5.685503128916025e-05,0.0,0.0,0.0,0.0
202,202,337.36095855396707,333.1222435538657,0.0,0.0,279.27182826341596,54.9470272033941,0.049670519307255745,4.14817444991786,0.055897835991345346,0.011233855970203876,0.031828591017983854,0.012188145075924695,0.0005914500216022134
203,203,340.0669482770609,334.8853109732736,0.0,0.0,279.27191418525763,57.692598095629364,0.06190107867587358,5.1467497401172295,5.3705996833741665e-05,0.0,0.0,0.0,0.0
204,204,334.69351655000355,328.6563731037313,0.0,0.0,276.99537487362977,54.556236859061755,0.07141565391793847,5.94598129123915,0.05680387106258422,0.010844621923752129,0.03342940588481724,0.011933090048842132,0.0005245230859145522
205,205,337.5542111349059,332.8012939480832,0.0,0.0,278.5920737927081,55.87252465158235,0.0563757698982954,4.718329527066089,5.1039038226008415e-05,0.0,0.0,0.0,0.0
206,206,339.8904623260023,335.5119759312365,0.0,0.0,279.53645809262525,57.20335964276455,0.0514807088766247,4.287969083874486,0.055717941955663264,0.01131065608933568,0.03137645695824176,0.012218043091706932,0.0007571449968963861
207,207,338.6087862009881,333.4354994901223,0.0,0.0,279.24378768063616,56.267048303969204,0.06143417162820697,5.1385522548807785,5.515397060662508e-05,0.0,0.0,0.0,0.0
208,208,336.45464694907423,330.68601240438875,0.0,0.0,277.66707002348267,55.64236638927832,0.06856550788506866,5.676333191455342,0.05786635691765696,0.011383224977180362,0.03352737508248538,0.012366581009700894,0.0005314960144460201
209,209,338.89862741099205,333.1525307940319,0.0,0.0,278.6246108490741,57.17439988744445,0.06839668413158506,5.711581904790364,5.649309605360031e-05,0.0,0.0,0.0,0.0
210,210,337.23852849099785,332.0393150561722,0.0,0.0,277.50573707092553,56.59438834548928,0.06204184296075255,5.1088666098657995,0.056082686060108244,0.011601747013628483,0.03118298901244998,0.012513493071310222,0.000726275029592216
211,211,337.2101639950415,333.0654924446717,0.0,0.0,277.18751753808465,56.95211818255484,0.04931274813134223,4.110172425978817,5.083100404590368e-05,0.0,0.0,0.0,0.0
212,212,342.51884665188845,337.60914122418035,0.0,0.0,279.22229542490095,60.20139852236025,0.058842663769610226,4.875161559437402,4.950899165123701e-05,0.0,0.0,0.0,0.0
213,213,965.6315196650103,334.67884498788044,0.0,0.0,279.0855153463781,57.37716739461757,0.05866684892680496,4.8432666779262945,626.0747645240044,0.011641114018857479,0.03308095200918615,626.0292598759988,0.0007271430222317576
214,214,340.83377307804767,336.0793054588139,0.0,0.0,279.60531892441213,58.13399000442587,0.05683190899435431,4.719795117503963,5.491496995091438e-05,0.0,0.0,0.0,0.0
215,215,339.4259554640157,333.5379186847713,0.0,0.0,279.37431920168456,56.944511710316874,0.07009828696027398,5.853474983829074,5.34839928150177e-05,0.0,0.0,0.0,0.0
216,216,1613.7943016679492,334.58733724732883,0.0,0.0,279.74161281005945,57.782004495034926,0.07272999582346529,6.013957829913124,1273.1584670350421,0.01191637001466006,0.034907999099232256,1273.1108566900948,0.0007277450058609247
217,217,342.24667791905813,336.76856206462253,0.0,0.0,279.8265795026673,59.31225702119991,0.06465934333391488,5.443436666042544,5.498295649886131e-05,0.0,0.0,0.0,0.0
218,218,339.3843832779676,332.21171764470637,0.0,0.0,277.3956518525956,58.83463167352602,0.0856421374483034,7.082087027607486,0.056203573010861874,0.011877477052621543,0.03156456898432225,0.012179155950434506,0.0005300550255924463
219,219,339.61938096396625,334.061022926704,0.0,0.0,277.19679374969564,59.339018399245106,0.06633622397202998,5.523938988219015,5.569506902247667e-05,0.0,0.0,0.0,0.0
220,220,340.84180272591766,336.0700713881524,0.0,0.0,277.2558543989435,60.45293529960327,0.056424484588205814,4.681510836700909,0.05598585098050535,0.012034108978696167,0.03150404803454876,0.011861909995786846,0.0005316799506545067
221,221,340.7757909609936,335.78846622491255,0.0,0.0,277.54221650364343,60.15857808839064,0.05946593696717173,4.953011131030507,5.220493767410517e-05,0.0,0.0,0.0,0.0
222,222,343.2222515359754,337.9838583043311,0.0,0.0,279.6215113841463,60.439106991747394,0.06196922343224287,5.144703639205545,0.059142512967810035,0.013023029081523418,0.03321133099962026,0.012318263994529843,0.0005373810417950153
223,223,344.22314138303045,339.4665349163115,0.0,0.0,280.01857606251724,61.10586179536767,0.056171241332776845,4.721964355790988,6.703904364258051e-05,0.0,0.0,0.0,0.0
224,224,1000.9733512270031,335.3083667709725,0.0,0.0,278.54587353684474,59.554565684404224,0.07051448698621243,5.85641713172663,659.7742077340372,0.012219670927152038,0.03048777300864458,659.7308613690548,0.000583123997785151
225,225,344.05519154900685,339.58186930336524,0.0,0.0,279.7400474087335,61.21551457117312,0.05267451738473028,4.438637941842899,5.12909609824419e-05,0.0,0.0,0.0,0.0
226,226,346.89307274098974,342.709711387055,0.0,0.0,279.8562772156438,63.9436754679773,0.04988771164789796,4.148509820573963,5.461799446493387e-05,0.0,0.0,0.0,0.0
227,227,348.6440572380088,343.97686924843583,0.0,0.0,279.6260485854,65.86727298540063,0.05547130317427218,4.576388093992136,0.05610594293102622,0.012164287036284804,0.031062048976309597,0.012305779964663088,0.0005213459953665733
228,228,346.25443375797477,341.22053620009683,0.0,0.0,279.3676377644297,63.789843658101745,0.06051122187636793,4.999320518225431,5.424802657216787e-05,0.0,0.0,0.0,0.0
229,229,349.4374197840225,344.1898939969251,0.0,0.0,279.76424644561484,66.51014174357988,0.06197941931895912,5.154533126275055,0.0582068080548197,0.012331365956924856,0.032652979949489236,0.012436558958142996,0.000729928957298398
230,230,347.5093203749275,341.17015176382847,0.0,0.0,279.76125597872306,64.63146650360432,0.07562617911025882,6.304376320447773,5.605095066130161e-05,0.0,0.0,0.0,0.0
231,231,1027.9590787580237,346.252233318286,0.0,0.0,279.7060773728881,67.20799566386268,0.045211968827061355,3.7172866739565507,677.954770609038,0.012439499027095735,0.031450734939426184,677.9103015820729,0.000523898983374238
232,232,345.9777879889589,341.9649511348689,0.0,0.0,277.35439677000977,65.56030337419361,0.047090138075873256,3.978293776861392,5.461694672703743e-05,0.0,0.0,0.0,0.0
233,233,348.6851364299655,343.5525720202131,0.0,0.0,277.0650630451273,68.54316091700457,0.0609312008600682,5.098108484875411,4.668894689530134e-05,0.0,0.0,0.0,0.0
234,234,348.25836192490533,342.48700445890427,0.0,0.0,277.590105139534,67.52130240667611,0.06855071347672492,5.67855421488639,0.058485190966166556,0.012613388011232018,0.03304294100962579,0.012235534959472716,0.0005368059501051903
235,235,349.8314341350924,343.9169375402853,0.0,0.0,279.8315419901628,66.88836209161673,0.07053695246577263,5.879681953112595,5.647004581987858e-05,0.0,0.0,0.0,0.0
236,236,351.4649353650166,347.50448620168027,0.0,0.0,279.80267784558237,68.5126454703277,0.04638681933283806,3.8667736700735986,0.05890250508673489,0.01259537402074784,0.0332581220427528,0.012414068100042641,0.0005825439002364874
237,237,351.21515344199724,346.42715144657996,0.0,0.0,280.37914070126135,67.7347005502088,0.05636730114929378,4.753234380390495,5.8545032516121864e-05,0.0,0.0,0.0,0.0
238,238,352.1331761260517,346.65532460284885,0.0,0.0,280.219750272925,68.8029457378434,0.06524395511951298,5.443200210807845,5.509098991751671e-05,0.0,0.0,0.0,0.0
239,239,1059.405203429982,347.4456103631528,0.0,0.0,279.698347275611,69.5382195765851,0.058253631461411715,4.857420692918822,707.0675962480018,0.013636545045301318,0.03331316995900124,707.0199827769538,0.0006097480654716492
240,240,352.0878015370108,346.43595734762494,0.0,0.0,280.68586860923097,68.28938143560663,0.067475680494681,5.616970074013807,5.570705980062485e-05,0.0,0.0,0.0,0.0
241,241,352.7106105070561,348.9430784533033,0.0,0.0,280.1097972050775,69.51388287567534,0.04480518295895308,3.7327149431221187,5.1434035412967205e-05,0.0,0.0,0.0,0.0
242,242,224.61449348402675,221.8108013040619,0.0,0.0,178.20382525818422,44.4186050479766,0.032788340002298355,2.724822695949115,0.05685236002318561,0.012748301029205322,0.03149156202562153,0.012029492063447833,0.000531442929059267
